path,folder,species_hint,morphotype_hint,treatment_hint,microscope,source,magnification,width_px,height_px,databar_px,um_per_px,field_width_um,check
2022-02-10_DriedThaps_Cultured220113_ASL/Thaps_dried0209_ASL0000.jpg,2022-02-10_DriedThaps_Cultured220113_ASL,Thalassiosira pseudonana,centric,dried,Phenom,phenom_xml,,2048,2176,128,0.333086,682.16,
2022-02-10_DriedThaps_Cultured220113_ASL/Thaps_dried0209_ASL0001.jpg,2022-02-10_DriedThaps_Cultured220113_ASL,Thalassiosira pseudonana,centric,dried,Phenom,phenom_xml,,2048,2176,128,0.333086,682.16,
2022-02-10_DriedThaps_Cultured220113_ASL/Thaps_dried0209_ASL0002.jpg,2022-02-10_DriedThaps_Cultured220113_ASL,Thalassiosira pseudonana,centric,dried,Phenom,phenom_xml,,2048,2176,128,0.0570191,116.78,
2022-02-10_DriedThaps_Cultured220113_ASL/Thaps_dried0209_ASL0003.jpg,2022-02-10_DriedThaps_Cultured220113_ASL,Thalassiosira pseudonana,centric,dried,Phenom,phenom_xml,,2048,2176,128,0.0525011,107.52,
2022-02-10_DriedThaps_Cultured220113_ASL/Thaps_dried0209_ASL0004.jpg,2022-02-10_DriedThaps_Cultured220113_ASL,Thalassiosira pseudonana,centric,dried,Phenom,phenom_xml,,2048,2176,128,0.0144462,29.59,
2022-02-10_DriedThaps_Cultured220113_ASL/Thaps_dried0209_ASL0005.jpg,2022-02-10_DriedThaps_Cultured220113_ASL,Thalassiosira pseudonana,centric,dried,Phenom,phenom_xml,,2048,2176,128,0.0140973,28.87,
2022-02-10_DriedThaps_Cultured220113_ASL/Thaps_dried0209_ASL0006.jpg,2022-02-10_DriedThaps_Cultured220113_ASL,Thalassiosira pseudonana,centric,dried,Phenom,phenom_xml,,2048,2176,128,0.0193809,39.69,
2022-02-10_DriedThaps_Cultured220113_ASL/Thaps_dried0209_ASL0007.jpg,2022-02-10_DriedThaps_Cultured220113_ASL,Thalassiosira pseudonana,centric,dried,Phenom,phenom_xml,,2048,2176,128,0.0193809,39.69,
2022-02-10_DriedThaps_Cultured220113_ASL/Thaps_dried0209_ASL0008.jpg,2022-02-10_DriedThaps_Cultured220113_ASL,Thalassiosira pseudonana,centric,dried,Phenom,phenom_xml,,2048,2176,128,0.010085,20.65,
2022-02-10_DriedThaps_Cultured220113_ASL/Thaps_dried0209_ASL0009.jpg,2022-02-10_DriedThaps_Cultured220113_ASL,Thalassiosira pseudonana,centric,dried,Phenom,phenom_xml,,2048,2176,128,0.0100835,20.65,
2022-02-10_DriedThaps_Cultured220113_ASL/Thaps_dried0209_ASL0010.jpg,2022-02-10_DriedThaps_Cultured220113_ASL,Thalassiosira pseudonana,centric,dried,Phenom,phenom_xml,,2048,2176,128,0.00728335,14.92,
2022-02-10_DriedThaps_Cultured220113_ASL/Thaps_dried0209_ASL0011.jpg,2022-02-10_DriedThaps_Cultured220113_ASL,Thalassiosira pseudonana,centric,dried,Phenom,phenom_xml,,2048,2176,128,0.00728253,14.91,
2022-02-10_DriedThaps_Cultured220113_ASL/Thaps_dried0209_ASL0012.jpg,2022-02-10_DriedThaps_Cultured220113_ASL,Thalassiosira pseudonana,centric,dried,Phenom,phenom_xml,,2048,2176,128,0.0728985,149.3,
2022-02-10_DriedThaps_Cultured220113_ASL/Thaps_dried0209_TGA_ASL0001.jpg,2022-02-10_DriedThaps_Cultured220113_ASL,Thalassiosira pseudonana,centric,dried+tga,Phenom,phenom_xml,,2048,2176,128,0.0234117,47.95,
2022-02-10_DriedThaps_Cultured220113_ASL/Thaps_dried0209_TGA_ASL0002.jpg,2022-02-10_DriedThaps_Cultured220113_ASL,Thalassiosira pseudonana,centric,dried+tga,Phenom,phenom_xml,,2048,2176,128,0.0124844,25.57,
2022-02-10_DriedThaps_Cultured220113_ASL/Thaps_dried0209_scraped_ASL0001.jpg,2022-02-10_DriedThaps_Cultured220113_ASL,Thalassiosira pseudonana,centric,dried+scraped,Phenom,phenom_xml,,2048,2176,128,0.031244,63.99,
2022-02-10_DriedThaps_Cultured220113_ASL/Thaps_dried0209_scraped_ASL0013.jpg,2022-02-10_DriedThaps_Cultured220113_ASL,Thalassiosira pseudonana,centric,dried+scraped,Phenom,phenom_xml,,2048,2176,128,0.0234117,47.95,
2022-02-10_DriedThaps_Cultured220113_ASL/Thaps_dried0209_scraped_ASL0014.jpg,2022-02-10_DriedThaps_Cultured220113_ASL,Thalassiosira pseudonana,centric,dried+scraped,Phenom,phenom_xml,,2048,2176,128,0.0234117,47.95,
2022-02-10_DriedThaps_Cultured220113_ASL/Thaps_raw220113_ASL0001.jpg,2022-02-10_DriedThaps_Cultured220113_ASL,Thalassiosira pseudonana,centric,raw+dried,Phenom,phenom_xml,,2048,2176,128,0.0207883,42.57,
2022-02-10_DriedThaps_Cultured220113_ASL/Thaps_raw220113_ASL0002.jpg,2022-02-10_DriedThaps_Cultured220113_ASL,Thalassiosira pseudonana,centric,raw+dried,Phenom,phenom_xml,,2048,2176,128,0.0131203,26.87,
2022-02-10_DriedThaps_Cultured220113_ASL/Thaps_raw220113_ASL0003.jpg,2022-02-10_DriedThaps_Cultured220113_ASL,Thalassiosira pseudonana,centric,raw+dried,Phenom,phenom_xml,,2048,2176,128,0.0131203,26.87,
2022-02-10_DriedThaps_Cultured220113_ASL/Thaps_raw220113_ASL0004.jpg,2022-02-10_DriedThaps_Cultured220113_ASL,Thalassiosira pseudonana,centric,raw+dried,Phenom,phenom_xml,,2048,2176,128,0.0072854,14.92,
2022-02-10_DriedThaps_Cultured220113_ASL/Thaps_raw220113_ASL0005.jpg,2022-02-10_DriedThaps_Cultured220113_ASL,Thalassiosira pseudonana,centric,raw+dried,Phenom,phenom_xml,,2048,2176,128,0.0267955,54.88,
2020_Richmond_AMS/AMS_rich_b&c0001.jpg,2020_Richmond_AMS,Richmond fossil diatomite (mixed),mixed,unspecified,Phenom,phenom_xml,,2048,2168,120,0.0462767,94.77,
2020_Richmond_AMS/AMS_rich_b&c0002.jpg,2020_Richmond_AMS,Richmond fossil diatomite (mixed),mixed,unspecified,Phenom,phenom_xml,,2048,2168,120,0.0379455,77.71,
2020_Richmond_AMS/AMS_rich_b&c0003.jpg,2020_Richmond_AMS,Richmond fossil diatomite (mixed),mixed,unspecified,Phenom,phenom_xml,,2048,2168,120,0.0381022,78.03,
2020_Richmond_AMS/AMS_rich_b&c0004.jpg,2020_Richmond_AMS,Richmond fossil diatomite (mixed),mixed,unspecified,Phenom,phenom_xml,,2048,2168,120,0.0230208,47.15,
2020_Richmond_AMS/AMS_rich_b&c0005.jpg,2020_Richmond_AMS,Richmond fossil diatomite (mixed),mixed,unspecified,Phenom,phenom_xml,,2048,2168,120,0.0709956,145.4,
2020_Richmond_AMS/AMS_rich_b&c0006.jpg,2020_Richmond_AMS,Richmond fossil diatomite (mixed),mixed,unspecified,Phenom,phenom_xml,,2048,2168,120,0.0282654,57.89,
2020_Richmond_AMS/AMS_rich_b&c0007.jpg,2020_Richmond_AMS,Richmond fossil diatomite (mixed),mixed,unspecified,Phenom,phenom_xml,,2048,2168,120,0.0914134,187.21,
2020_Richmond_AMS/AMS_rich_b&c0008.jpg,2020_Richmond_AMS,Richmond fossil diatomite (mixed),mixed,unspecified,Phenom,phenom_xml,,2048,2168,120,0.0282933,57.94,
2020_Richmond_AMS/AMS_rich_b&d0001.jpg,2020_Richmond_AMS,Richmond fossil diatomite (mixed),mixed,unspecified,Phenom,phenom_xml,,2048,2168,120,0.110032,225.35,
2020_Richmond_AMS/AMS_rich_b&d0002.jpg,2020_Richmond_AMS,Richmond fossil diatomite (mixed),mixed,unspecified,Phenom,phenom_xml,,2048,2168,120,0.0252483,51.71,
2020_Richmond_AMS/AMS_rich_b&d0003.jpg,2020_Richmond_AMS,Richmond fossil diatomite (mixed),mixed,unspecified,Phenom,phenom_xml,,2048,2168,120,0.0252483,51.71,
2020_Richmond_AMS/AMS_rich_b&d0004.jpg,2020_Richmond_AMS,Richmond fossil diatomite (mixed),mixed,unspecified,Phenom,phenom_xml,,2048,2168,120,0.0158637,32.49,
2020_Richmond_AMS/AMS_rich_b&d0005.jpg,2020_Richmond_AMS,Richmond fossil diatomite (mixed),mixed,unspecified,Phenom,phenom_xml,,2048,2168,120,0.0239709,49.09,
2020_Richmond_AMS/AMS_rich_b&d0006.jpg,2020_Richmond_AMS,Richmond fossil diatomite (mixed),mixed,unspecified,Phenom,phenom_xml,,2048,2168,120,0.0110732,22.68,
2020_Richmond_AMS/AMS_rich_med_ra0001.jpg,2020_Richmond_AMS,Richmond fossil diatomite (mixed),mixed,unspecified,Phenom,phenom_xml,,2048,2168,120,0.0884103,181.06,
2020_Richmond_AMS/AMS_rich_med_ra0002.jpg,2020_Richmond_AMS,Richmond fossil diatomite (mixed),mixed,unspecified,Phenom,phenom_xml,,2048,2168,120,0.0417427,85.49,
2020_Richmond_AMS/AMS_rich_med_ra0003.jpg,2020_Richmond_AMS,Richmond fossil diatomite (mixed),mixed,unspecified,Phenom,phenom_xml,,2048,2168,120,0.0232551,47.63,
2020_Richmond_AMS/AMS_rich_med_ra0004.jpg,2020_Richmond_AMS,Richmond fossil diatomite (mixed),mixed,unspecified,Phenom,phenom_xml,,2048,2168,120,0.0173368,35.51,
2020_Richmond_AMS/AMS_rich_med_ra0005.jpg,2020_Richmond_AMS,Richmond fossil diatomite (mixed),mixed,unspecified,Phenom,phenom_xml,,2048,2168,120,0.0117688,24.1,
2020_Richmond_AMS/AMS_rich_med_ra0006.jpg,2020_Richmond_AMS,Richmond fossil diatomite (mixed),mixed,unspecified,Phenom,phenom_xml,,2048,2168,120,0.0117323,24.03,
2020_Richmond_AMS/AMS_rich_med_ra0007.jpg,2020_Richmond_AMS,Richmond fossil diatomite (mixed),mixed,unspecified,Phenom,phenom_xml,,2048,2168,120,0.0469853,96.23,
2020_Richmond_AMS/AMS_rich_med_ra0008.jpg,2020_Richmond_AMS,Richmond fossil diatomite (mixed),mixed,unspecified,Phenom,phenom_xml,,2048,2168,120,0.0117732,24.11,
2020_Richmond_AMS/AMS_rich_med_ra0009.jpg,2020_Richmond_AMS,Richmond fossil diatomite (mixed),mixed,unspecified,Phenom,phenom_xml,,2048,2168,120,0.0117776,24.12,
2020_Richmond_AMS/AMS_rich_med_ra0010.jpg,2020_Richmond_AMS,Richmond fossil diatomite (mixed),mixed,unspecified,Phenom,phenom_xml,,2048,2168,120,0.117724,241.1,
2020_Richmond_AMS/AMS_rich_med_ra0011.jpg,2020_Richmond_AMS,Richmond fossil diatomite (mixed),mixed,unspecified,Phenom,phenom_xml,,2048,2168,120,0.0367248,75.21,
2020_Richmond_AMS/AMS_rich_med_ra0012.jpg,2020_Richmond_AMS,Richmond fossil diatomite (mixed),mixed,unspecified,Phenom,phenom_xml,,2048,2168,120,0.0138112,28.29,
2022-03-00_SIOThaps_Culture Jar_ASL/Centri_SIOThaps_Cultjar_ASL0001.jpg,2022-03-00_SIOThaps_Culture Jar_ASL,Thalassiosira pseudonana,centric,cultjar,Phenom,phenom_xml,,1024,1088,64,0.0625983,64.1,
2022-03-00_SIOThaps_Culture Jar_ASL/Centri_SIOThaps_Cultjar_ASL0002.jpg,2022-03-00_SIOThaps_Culture Jar_ASL,Thalassiosira pseudonana,centric,cultjar,Phenom,phenom_xml,,1024,1088,64,0.0210216,21.53,
2022-03-00_SIOThaps_Culture Jar_ASL/Centri_SIOThaps_Cultjar_ASL0003.jpg,2022-03-00_SIOThaps_Culture Jar_ASL,Thalassiosira pseudonana,centric,cultjar,Phenom,phenom_xml,,1024,1088,64,0.0546272,55.94,
2022-03-00_SIOThaps_Culture Jar_ASL/Centri_SIOThaps_Cultjar_ASL0004.jpg,2022-03-00_SIOThaps_Culture Jar_ASL,Thalassiosira pseudonana,centric,cultjar,Phenom,phenom_xml,,1024,1088,64,0.02017,20.65,
2022-03-00_SIOThaps_Culture Jar_ASL/Centri_SIOThaps_Cultjar_sp_ASL0001.jpg,2022-03-00_SIOThaps_Culture Jar_ASL,Thalassiosira pseudonana,centric,cultjar,Phenom,phenom_xml,,1024,1088,64,0.0131105,13.43,
2022-03-00_SIOThaps_Culture Jar_ASL/Centri_SIOThaps_Cultjar_sp_ASL0002.jpg,2022-03-00_SIOThaps_Culture Jar_ASL,Thalassiosira pseudonana,centric,cultjar,Phenom,phenom_xml,,1024,1088,64,0.0131105,13.43,
2022-03-00_SIOThaps_Culture Jar_ASL/Centri_SIOThaps_Cultjar_sp_ASL0003.jpg,2022-03-00_SIOThaps_Culture Jar_ASL,Thalassiosira pseudonana,centric,cultjar,Phenom,phenom_xml,,1024,1088,64,0.0131105,13.43,
2022-03-00_SIOThaps_Culture Jar_ASL/Centri_SIOThaps_Cultjar_sp_ASL0004.jpg,2022-03-00_SIOThaps_Culture Jar_ASL,Thalassiosira pseudonana,centric,cultjar,Phenom,phenom_xml,,1024,1088,64,0.0131105,13.43,
2022-03-00_SIOThaps_Culture Jar_ASL/Centri_SIOThaps_Cultjar_sp_ASL0005.jpg,2022-03-00_SIOThaps_Culture Jar_ASL,Thalassiosira pseudonana,centric,cultjar,Phenom,phenom_xml,,1024,1088,64,0.0131105,13.43,
2022-03-00_SIOThaps_Culture Jar_ASL/Centri_SIOThaps_Cultjar_sp_ASL0006.jpg,2022-03-00_SIOThaps_Culture Jar_ASL,Thalassiosira pseudonana,centric,cultjar,Phenom,phenom_xml,,1024,1088,64,0.0131105,13.43,
2022-03-00_SIOThaps_Culture Jar_ASL/Centri_SIOThaps_Cultjar_sp_ASL0007.jpg,2022-03-00_SIOThaps_Culture Jar_ASL,Thalassiosira pseudonana,centric,cultjar,Phenom,phenom_xml,,1024,1088,64,0.0626057,64.11,
2022-03-00_SIOThaps_Culture Jar_ASL/Centri_SIOThaps_Cultjar_sp_ASL0008.jpg,2022-03-00_SIOThaps_Culture Jar_ASL,Thalassiosira pseudonana,centric,cultjar,Phenom,phenom_xml,,1024,1088,64,0.0131105,13.43,
2022-03-00_SIOThaps_Culture Jar_ASL/Centri_SIOThaps_Cultjar_sp_ASL0009.jpg,2022-03-00_SIOThaps_Culture Jar_ASL,Thalassiosira pseudonana,centric,cultjar,Phenom,phenom_xml,,1024,1088,64,0.0889644,91.1,
2022-03-00_SIOThaps_Culture Jar_ASL/Centri_SIOThaps_Cultjar_sp_ASL0010.jpg,2022-03-00_SIOThaps_Culture Jar_ASL,Thalassiosira pseudonana,centric,cultjar,Phenom,phenom_xml,,1024,1088,64,0.00904175,9.26,
2022-03-00_SIOThaps_Culture Jar_ASL/Centri_SIOThaps_Cultjar_sp_ASL0011.jpg,2022-03-00_SIOThaps_Culture Jar_ASL,Thalassiosira pseudonana,centric,cultjar,Phenom,phenom_xml,,1024,1088,64,0.00920037,9.42,
2022-03-00_SIOThaps_Culture Jar_ASL/Centri_SIOThaps_Cultjar_sp_ASL0012.jpg,2022-03-00_SIOThaps_Culture Jar_ASL,Thalassiosira pseudonana,centric,cultjar,Phenom,phenom_xml,,1024,1088,64,0.0278947,28.56,
2022-03-00_SIOThaps_Culture Jar_ASL/Centri_SIOThaps_Cultjar_sp_ASL0013.jpg,2022-03-00_SIOThaps_Culture Jar_ASL,Thalassiosira pseudonana,centric,cultjar,Phenom,phenom_xml,,1024,1088,64,0.00873284,8.94,
2022-03-00_SIOThaps_Culture Jar_ASL/Centri_SIOThaps_Cultjar_sp_ASL0014.jpg,2022-03-00_SIOThaps_Culture Jar_ASL,Thalassiosira pseudonana,centric,cultjar,Phenom,phenom_xml,,1024,1088,64,0.0131395,13.45,
2022-03-00_SIOThaps_Culture Jar_ASL/Centri_SIOThaps_Cultjar_sp_ASL0015.jpg,2022-03-00_SIOThaps_Culture Jar_ASL,Thalassiosira pseudonana,centric,cultjar,Phenom,phenom_xml,,1024,1088,64,0.0131395,13.45,
2022-12-02_ThapsSamples_ASL/Thaps_A2_100kx_10kV_ASL_q00.tif,2022-12-02_ThapsSamples_ASL,Thalassiosira pseudonana,centric,unspecified,S-4700,hitachi_txt,100000.0,1280,960,144,0.0009921875,1.27,scale-bar ticks agree within 0.0%
2022-12-02_ThapsSamples_ASL/Thaps_A2_15kx_10kV_ASL-2_q00.tif,2022-12-02_ThapsSamples_ASL,Thalassiosira pseudonana,centric,unspecified,S-4700,hitachi_txt,15000.0,1280,960,144,0.006614583333333333,8.47,scale-bar ticks agree within 0.1%
2022-12-02_ThapsSamples_ASL/Thaps_A2_15kx_10kV_ASL_q00.tif,2022-12-02_ThapsSamples_ASL,Thalassiosira pseudonana,centric,unspecified,S-4700,hitachi_txt,15000.0,1280,960,144,0.006614583333333333,8.47,scale-bar ticks agree within 0.1%
2022-12-02_ThapsSamples_ASL/Thaps_A2_25kx_10kV_ASL_q00.tif,2022-12-02_ThapsSamples_ASL,Thalassiosira pseudonana,centric,unspecified,S-4700,hitachi_txt,25000.0,1280,960,144,0.00396875,5.08,scale-bar ticks agree within 0.0%
2022-12-02_ThapsSamples_ASL/Thaps_A2_3kx_10kV_ASL_q00.tif,2022-12-02_ThapsSamples_ASL,Thalassiosira pseudonana,centric,unspecified,S-4700,hitachi_txt,3000.0,1280,960,144,0.03307291666666667,42.33,scale-bar ticks agree within 0.1%
2022-12-02_ThapsSamples_ASL/Thaps_A3_100kx_10kV_ASL_q00.tif,2022-12-02_ThapsSamples_ASL,Thalassiosira pseudonana,centric,unspecified,S-4700,hitachi_txt,100000.0,1280,960,144,0.0009921875,1.27,scale-bar ticks agree within 0.0%
2022-12-02_ThapsSamples_ASL/Thaps_A3_110kx_10kV_ASL_q00.tif,2022-12-02_ThapsSamples_ASL,Thalassiosira pseudonana,centric,unspecified,S-4700,hitachi_txt,110128.0,1280,960,144,0.0009009402695045765,1.15,scale-bar ticks agree within 0.0%
2022-12-02_ThapsSamples_ASL/Thaps_A3_15kx_10kV_ASL_q00.tif,2022-12-02_ThapsSamples_ASL,Thalassiosira pseudonana,centric,unspecified,S-4700,hitachi_txt,15000.0,1280,960,144,0.006614583333333333,8.47,scale-bar ticks agree within 0.1%
2022-12-02_ThapsSamples_ASL/Thaps_A3_25kx_10kV_ASL_q00.tif,2022-12-02_ThapsSamples_ASL,Thalassiosira pseudonana,centric,unspecified,S-4700,hitachi_txt,25000.0,1280,960,144,0.00396875,5.08,scale-bar ticks agree within 0.0%
2022-12-02_ThapsSamples_ASL/Thaps_A3_3kx_10kV_ASL_q00.tif,2022-12-02_ThapsSamples_ASL,Thalassiosira pseudonana,centric,unspecified,S-4700,hitachi_txt,3000.0,1280,960,144,0.03307291666666667,42.33,scale-bar ticks agree within 0.1%
2022-12-02_ThapsSamples_ASL/Thaps_A5_0_q00.tif,2022-12-02_ThapsSamples_ASL,Thalassiosira pseudonana,centric,unspecified,S-4700,hitachi_txt,700.0,1280,960,144,0.14174107142857142,181.43,scale-bar ticks agree within 0.1%
2022-12-02_ThapsSamples_ASL/Thaps_A6_1-5kx_10kV_ASL_q00.tif,2022-12-02_ThapsSamples_ASL,Thalassiosira pseudonana,centric,unspecified,S-4700,hitachi_txt,1500.0,1280,960,144,0.06614583333333333,84.67,scale-bar ticks agree within 0.1%
2022-12-02_ThapsSamples_ASL/Thaps_A6_18kx_10kV_ASL_q00.tif,2022-12-02_ThapsSamples_ASL,Thalassiosira pseudonana,centric,unspecified,S-4700,hitachi_txt,18000.0,1280,960,144,0.005512152777777778,7.06,scale-bar ticks agree within 0.0%
Didymo sample SEM/AMS_2021-07-28_didy_precip_raw0006.jpg,Didymo sample SEM,Didymosphenia geminata,pennate,raw+precip,Phenom,phenom_xml,,1024,1088,64,0.694952,711.63,
Didymo sample SEM/AMS_2021-07-28_didy_precip_raw0009.jpg,Didymo sample SEM,Didymosphenia geminata,pennate,raw+precip,Phenom,phenom_xml,,1024,1088,64,0.0625628,64.06,
Didymo sample SEM/AMS_2021-07-28_didy_precip_raw0010.jpg,Didymo sample SEM,Didymosphenia geminata,pennate,raw+precip,Phenom,phenom_xml,,1024,1088,64,0.158981,162.8,
Didymo sample SEM/AMS_2021-07-28_didy_precip_raw0011.jpg,Didymo sample SEM,Didymosphenia geminata,pennate,raw+precip,Phenom,phenom_xml,,1024,1088,64,0.0104885,10.74,
Didymo sample SEM/AMS_2021-07-28_didy_precip_raw0013.jpg,Didymo sample SEM,Didymosphenia geminata,pennate,raw+precip,Phenom,phenom_xml,,1024,1088,64,0.524486,537.07,
Didymo sample SEM/AMS_2021-07-28_didy_precip_raw0016.jpg,Didymo sample SEM,Didymosphenia geminata,pennate,raw+precip,Phenom,phenom_xml,,1024,1088,64,0.159041,162.86,
Didymo sample SEM/AMS_2021-07-28_didy_precip_raw0018.jpg,Didymo sample SEM,Didymosphenia geminata,pennate,raw+precip,Phenom,phenom_xml,,1024,1088,64,0.0262458,26.88,
Didymo sample SEM/AMS_2021-07-28_didy_precip_raw0019.jpg,Didymo sample SEM,Didymosphenia geminata,pennate,raw+precip,Phenom,phenom_xml,,1024,1088,64,0.0226382,23.18,
Didymo sample SEM/AMS_2021-07-28_didy_sint_acid0008.jpg,Didymo sample SEM,Didymosphenia geminata,pennate,sint+acid,Phenom,phenom_xml,,1024,1088,64,0.17488,179.08,
Didymo sample SEM/AMS_2021-07-28_didy_sint_acid0013.jpg,Didymo sample SEM,Didymosphenia geminata,pennate,sint+acid,Phenom,phenom_xml,,1024,1088,64,0.0525102,53.77,
Didymo sample SEM/AMS_2021-07-28_didy_sint_acid0018.jpg,Didymo sample SEM,Didymosphenia geminata,pennate,sint+acid,Phenom,phenom_xml,,1024,1088,64,0.00525656,5.38,
Didymo sample SEM/AMS_2021-07-28_didy_sint_acid0024.jpg,Didymo sample SEM,Didymosphenia geminata,pennate,sint+acid,Phenom,phenom_xml,,1024,1088,64,0.0262211,26.85,
Didymo sample SEM/AMS_2021-07-28_didy_sint_acid0026.jpg,Didymo sample SEM,Didymosphenia geminata,pennate,sint+acid,Phenom,phenom_xml,,1024,1088,64,0.104894,107.41,
Didymo sample SEM/AMS_2021-07-28_didy_sint_acid0027.jpg,Didymo sample SEM,Didymosphenia geminata,pennate,sint+acid,Phenom,phenom_xml,,1024,1088,64,0.032885,33.67,
Didymo sample SEM/AMS_2021-07-28_didy_sint_acid0028.jpg,Didymo sample SEM,Didymosphenia geminata,pennate,sint+acid,Phenom,phenom_xml,,1024,1088,64,0.141817,145.22,
Didymo sample SEM/AMS_2021-07-28_didy_sint_acid0030.jpg,Didymo sample SEM,Didymosphenia geminata,pennate,sint+acid,Phenom,phenom_xml,,1024,1088,64,0.273155,279.71,
Didymo sample SEM/AMS_2021-07-28_didy_sint_acid0031.jpg,Didymo sample SEM,Didymosphenia geminata,pennate,sint+acid,Phenom,phenom_xml,,1024,1088,64,0.702178,719.03,
Didymo sample SEM/AMS_2021-07-28_didy_sint_acid0032.jpg,Didymo sample SEM,Didymosphenia geminata,pennate,sint+acid,Phenom,phenom_xml,,1024,1088,64,0.00524459,5.37,
Didymo sample SEM/AMS_2021-07-28_didy_sint_acid0033.jpg,Didymo sample SEM,Didymosphenia geminata,pennate,sint+acid,Phenom,phenom_xml,,1024,1088,64,0.00524459,5.37,
Didymo sample SEM/AMS_2021-07-28_didy_sint_acid0034.jpg,Didymo sample SEM,Didymosphenia geminata,pennate,sint+acid,Phenom,phenom_xml,,1024,1088,64,0.0104884,10.74,
Didymo sample SEM/AMS_2021-07-28_didy_sint_acid0039.jpg,Didymo sample SEM,Didymosphenia geminata,pennate,sint+acid,Phenom,phenom_xml,,1024,1088,64,0.149925,153.52,
Didymo sample SEM/AMS_2021-07-28_didy_sint_acid0041.jpg,Didymo sample SEM,Didymosphenia geminata,pennate,sint+acid,Phenom,phenom_xml,,1024,1088,64,0.706121,723.07,
Didymo sample SEM/AMS_2021-07-28_didy_sint_acid0042.jpg,Didymo sample SEM,Didymosphenia geminata,pennate,sint+acid,Phenom,phenom_xml,,1024,1088,64,0.695228,711.91,
Didymo sample SEM/AMS_2021-07-28_didy_sint_acid0043.jpg,Didymo sample SEM,Didymosphenia geminata,pennate,sint+acid,Phenom,phenom_xml,,1024,1088,64,0.665158,681.12,
Didymo sample SEM/AMS_2021-07-28_didy_sint_acid0044.jpg,Didymo sample SEM,Didymosphenia geminata,pennate,sint+acid,Phenom,phenom_xml,,1024,1088,64,0.671149,687.26,
Didymo sample SEM/AMS_2021-07-28_didy_sint_acid0045.jpg,Didymo sample SEM,Didymosphenia geminata,pennate,sint+acid,Phenom,phenom_xml,,1024,1088,64,0.693397,710.04,
Didymo sample SEM/AMS_2021-07-28_didy_sint_acid0046.jpg,Didymo sample SEM,Didymosphenia geminata,pennate,sint+acid,Phenom,phenom_xml,,1024,1088,64,0.695297,711.98,
Didymo sample SEM/AMS_2021-07-28_didy_sint_acid0047.jpg,Didymo sample SEM,Didymosphenia geminata,pennate,sint+acid,Phenom,phenom_xml,,1024,1088,64,0.66461,680.56,
Didymo sample SEM/AMS_didymo_sint0001.tiff,Didymo sample SEM,Didymosphenia geminata,pennate,sint,Phenom,phenom_xml,,1024,1088,64,0.174923,179.12,
Didymo sample SEM/AMS_didymo_sint0009.tiff,Didymo sample SEM,Didymosphenia geminata,pennate,sint,Phenom,phenom_xml,,1024,1088,64,0.104948,107.47,
Didymo sample SEM/AMS_didymo_sint0011.tiff,Didymo sample SEM,Didymosphenia geminata,pennate,sint,Phenom,phenom_xml,,1024,1088,64,0.105021,107.54,
Didymo sample SEM/AMS_didymo_sint0013.tiff,Didymo sample SEM,Didymosphenia geminata,pennate,sint,Phenom,phenom_xml,,1024,1088,64,0.0657087,67.29,
Didymo sample SEM/AMS_didymo_sint0019.tiff,Didymo sample SEM,Didymosphenia geminata,pennate,sint,Phenom,phenom_xml,,1024,1088,64,0.174971,179.17,
Didymo sample SEM/AMS_didymo_sint0022.tiff,Didymo sample SEM,Didymosphenia geminata,pennate,sint,Phenom,phenom_xml,,1024,1088,64,0.138024,141.34,
Didymo sample SEM/AMS_didymo_sint0025.tiff,Didymo sample SEM,Didymosphenia geminata,pennate,sint,Phenom,phenom_xml,,1024,1088,64,0.729428,746.93,
Didymo sample SEM/AMS_didymo_sint0027.tiff,Didymo sample SEM,Didymosphenia geminata,pennate,sint,Phenom,phenom_xml,,1024,1088,64,0.131214,134.36,
Didymo sample SEM/AMS_didymo_sint0033.tiff,Didymo sample SEM,Didymosphenia geminata,pennate,sint,Phenom,phenom_xml,,1024,1088,64,0.349667,358.06,
Didymo sample SEM/lab grown/richharv3.jpg,Didymo sample SEM,unknown pennate (ask lab),pennate,lab grown,"Phenom (screenshot, no metadata)",ocr_hfw,,945,1000,55,0.08835978835978836,83.5,OCR read field width 83.5 um - verify by eye
Didymo sample SEM/didy burn/945-1000-max (1).jpg,Didymo sample SEM,Didymosphenia geminata,pennate,burn,"Phenom (screenshot, no metadata)",ocr_hfw,,945,1000,55,0.09883597883597885,93.4,OCR read field width 93.4 um - verify by eye
Didymo sample SEM/didy burn/945-1000-max (2).jpg,Didymo sample SEM,Didymosphenia geminata,pennate,burn,"Phenom (screenshot, no metadata)",ocr_hfw,,945,1000,55,0.046243386243386246,43.7,OCR read field width 43.7 um - verify by eye
Didymo sample SEM/didy burn/945-1000-max (3).jpg,Didymo sample SEM,Didymosphenia geminata,pennate,burn,"Phenom (screenshot, no metadata)",ocr_hfw,,945,1000,55,0.21587301587301588,204.0,OCR read field width 204 um - verify by eye
Didymo sample SEM/didy burn/945-1000-max.jpg,Didymo sample SEM,Didymosphenia geminata,pennate,burn,"Phenom (screenshot, no metadata)",ocr_hfw,,945,1000,55,0.09883597883597885,93.4,OCR read field width 93.4 um - verify by eye
