image,frustule_id,species,morphotype,length_um,width_um,area_um2,orientation_deg,head_direction_deg,view,damage,n_pores,mean_pore_diameter_um,median_pore_diameter_um,x_um,y_um,equiv_diameter_um,aspect_ratio,circularity,solidity,touches_edge,species_reason,pore_note
2022-12-02_ThapsSamples_ASL\Thaps_A2_3kx_10kV_ASL_q00.tif,1,Thalassiosira pseudonana,centric,6.274,4.233,16.331,80.1,,girdle view (side-on),cracked,,,,15.946,21.358,4.56,1.482,0.526,0.85,False,size + shape + sample,not measured: smallest expected pores (12 nm) are only 0.4 px at this magnification
2022-12-02_ThapsSamples_ASL\Thaps_A2_3kx_10kV_ASL_q00.tif,2,Thalassiosira pseudonana,centric,4.749,3.864,12.331,49.7,,valve view (face-on),intact,,,,29.158,8.474,3.962,1.229,0.571,0.928,False,size + shape + sample,not measured: smallest expected pores (12 nm) are only 0.4 px at this magnification
2022-12-02_ThapsSamples_ASL\Thaps_A2_3kx_10kV_ASL_q00.tif,3,Thalassiosira pseudonana,centric,4.62,3.676,11.797,133.0,,valve view (face-on),intact,,,,20.706,11.944,3.876,1.257,0.609,0.954,False,size + shape + sample,not measured: smallest expected pores (12 nm) are only 0.4 px at this magnification
2022-12-02_ThapsSamples_ASL\Thaps_A2_3kx_10kV_ASL_q00.tif,4,Thalassiosira pseudonana,centric,4.468,3.481,11.755,154.6,,valve view (face-on),intact,,,,8.891,13.057,3.869,1.284,0.805,0.962,False,size + shape + sample,not measured: smallest expected pores (12 nm) are only 0.4 px at this magnification
2022-12-02_ThapsSamples_ASL\Thaps_A2_3kx_10kV_ASL_q00.tif,5,Thalassiosira pseudonana,centric,5.001,3.102,11.413,146.2,,girdle view (side-on),intact,,,,23.87,24.947,3.812,1.612,0.712,0.935,False,size + shape + sample,not measured: smallest expected pores (12 nm) are only 0.4 px at this magnification
2022-12-02_ThapsSamples_ASL\Thaps_A2_3kx_10kV_ASL_q00.tif,6,Thalassiosira pseudonana,centric,4.792,3.619,11.181,145.9,,girdle view (side-on),cracked,,,,4.535,12.961,3.773,1.324,0.68,0.882,False,size + shape + sample,not measured: smallest expected pores (12 nm) are only 0.4 px at this magnification
2022-12-02_ThapsSamples_ASL\Thaps_A2_3kx_10kV_ASL_q00.tif,7,Thalassiosira pseudonana,centric,4.0,3.506,10.941,,,valve view (face-on),intact,,,,19.609,20.293,3.732,1.141,0.863,0.98,False,size + shape + sample,not measured: smallest expected pores (12 nm) are only 0.4 px at this magnification
2022-12-02_ThapsSamples_ASL\Thaps_A2_3kx_10kV_ASL_q00.tif,8,Thalassiosira pseudonana,centric,4.358,3.44,10.786,147.2,,valve view (face-on),intact,,,,10.027,19.806,3.706,1.267,0.845,0.983,False,size + shape + sample,not measured: smallest expected pores (12 nm) are only 0.4 px at this magnification
2022-12-02_ThapsSamples_ASL\Thaps_A2_3kx_10kV_ASL_q00.tif,9,Thalassiosira pseudonana,centric,5.177,3.903,10.613,119.0,,girdle view (side-on),fragmented,,,,24.882,11.662,3.676,1.326,0.296,0.699,False,size + shape + sample,not measured: smallest expected pores (12 nm) are only 0.4 px at this magnification
2022-12-02_ThapsSamples_ASL\Thaps_A2_3kx_10kV_ASL_q00.tif,10,Thalassiosira pseudonana,centric,4.113,3.601,9.761,,,valve view (face-on),cracked,,,,18.913,5.737,3.525,1.142,0.763,0.904,False,size + shape + sample,not measured: smallest expected pores (12 nm) are only 0.4 px at this magnification
2022-12-02_ThapsSamples_ASL\Thaps_A2_3kx_10kV_ASL_q00.tif,11,Thalassiosira pseudonana,centric,4.352,2.91,9.575,5.0,,girdle view (side-on),intact,,,,5.395,24.505,3.492,1.495,0.777,0.966,False,size + shape + sample,not measured: smallest expected pores (12 nm) are only 0.4 px at this magnification
2022-12-02_ThapsSamples_ASL\Thaps_A2_3kx_10kV_ASL_q00.tif,12,Thalassiosira pseudonana,centric,4.123,2.91,9.187,78.4,,girdle view (side-on),intact,,,,38.964,15.073,3.42,1.417,0.857,0.984,False,size + shape + sample,not measured: smallest expected pores (12 nm) are only 0.4 px at this magnification
2022-12-02_ThapsSamples_ASL\Thaps_A2_3kx_10kV_ASL_q00.tif,13,Thalassiosira pseudonana,centric,4.32,3.274,8.894,70.4,,girdle view (side-on),cracked,,,,15.519,10.947,3.365,1.32,0.619,0.835,False,size + shape + sample,not measured: smallest expected pores (12 nm) are only 0.4 px at this magnification
2022-12-02_ThapsSamples_ASL\Thaps_A2_3kx_10kV_ASL_q00.tif,14,Thalassiosira pseudonana,centric,4.433,3.601,8.719,48.9,,valve view (face-on),fragmented,,,,2.756,15.459,3.332,1.231,0.611,0.764,False,size + shape + sample,not measured: smallest expected pores (12 nm) are only 0.4 px at this magnification
2022-12-02_ThapsSamples_ASL\Thaps_A2_3kx_10kV_ASL_q00.tif,15,Thalassiosira pseudonana,centric,4.188,3.129,8.705,53.8,,girdle view (side-on),cracked,,,,20.179,2.545,3.329,1.338,0.733,0.864,False,size + shape + sample,not measured: smallest expected pores (12 nm) are only 0.4 px at this magnification
2022-12-02_ThapsSamples_ASL\Thaps_A2_3kx_10kV_ASL_q00.tif,16,Thalassiosira pseudonana,centric,3.98,2.646,8.057,83.2,,girdle view (side-on),intact,,,,1.139,17.266,3.203,1.504,0.778,0.981,False,size + shape + sample,not measured: smallest expected pores (12 nm) are only 0.4 px at this magnification
2022-12-02_ThapsSamples_ASL\Thaps_A2_3kx_10kV_ASL_q00.tif,17,Thalassiosira pseudonana,centric,3.968,3.109,7.995,25.6,,valve view (face-on),cracked,,,,17.837,13.496,3.19,1.276,0.561,0.874,False,size + shape + sample,not measured: smallest expected pores (12 nm) are only 0.4 px at this magnification
2022-12-02_ThapsSamples_ASL\Thaps_A2_3kx_10kV_ASL_q00.tif,18,Thalassiosira pseudonana,centric,3.495,3.037,7.977,172.7,,valve view (face-on),intact,,,,21.369,7.617,3.187,1.151,0.846,0.971,False,size + shape + sample,not measured: smallest expected pores (12 nm) are only 0.4 px at this magnification
2022-12-02_ThapsSamples_ASL\Thaps_A2_3kx_10kV_ASL_q00.tif,19,Thalassiosira pseudonana,centric,3.432,3.076,7.945,,,valve view (face-on),intact,,,,36.549,7.773,3.181,1.116,0.901,0.984,False,size + shape + sample,not measured: smallest expected pores (12 nm) are only 0.4 px at this magnification
2022-12-02_ThapsSamples_ASL\Thaps_A2_3kx_10kV_ASL_q00.tif,20,Thalassiosira pseudonana,centric,3.67,2.613,7.372,93.1,,girdle view (side-on),intact,,,,17.692,8.85,3.064,1.405,0.584,0.959,False,size + shape + sample,not measured: smallest expected pores (12 nm) are only 0.4 px at this magnification
2022-12-02_ThapsSamples_ASL\Thaps_A2_3kx_10kV_ASL_q00.tif,21,Thalassiosira pseudonana,centric,3.613,2.979,7.105,52.3,,valve view (face-on),fragmented,,,,24.974,5.793,3.008,1.213,0.542,0.798,False,size + shape + sample,not measured: smallest expected pores (12 nm) are only 0.4 px at this magnification
2022-12-02_ThapsSamples_ASL\Thaps_A2_3kx_10kV_ASL_q00.tif,22,Thalassiosira pseudonana,centric,3.487,2.689,6.996,40.2,,valve view (face-on),intact,,,,2.18,5.683,2.985,1.297,0.829,0.972,False,size + shape + sample,not measured: smallest expected pores (12 nm) are only 0.4 px at this magnification
2022-12-02_ThapsSamples_ASL\Thaps_A2_3kx_10kV_ASL_q00.tif,23,Thalassiosira pseudonana,centric,3.138,2.646,6.375,151.0,,valve view (face-on),intact,,,,28.775,15.77,2.849,1.186,0.837,0.963,False,size + shape + sample,not measured: smallest expected pores (12 nm) are only 0.4 px at this magnification
2022-12-02_ThapsSamples_ASL\Thaps_A2_3kx_10kV_ASL_q00.tif,24,Thalassiosira pseudonana,centric,3.464,2.084,5.951,5.4,,girdle view (side-on),intact,,,,11.449,0.966,2.753,1.663,0.812,0.99,False,size + shape + sample,not measured: smallest expected pores (12 nm) are only 0.4 px at this magnification
2022-12-02_ThapsSamples_ASL\Thaps_A2_3kx_10kV_ASL_q00.tif,25,Thalassiosira pseudonana,centric,3.771,2.421,5.945,53.5,,girdle view (side-on),partial (cut by image edge),,,,27.113,25.594,2.751,1.558,0.621,0.928,True,size + shape + sample,not measured: smallest expected pores (12 nm) are only 0.4 px at this magnification
2022-12-02_ThapsSamples_ASL\Thaps_A2_3kx_10kV_ASL_q00.tif,26,Thalassiosira pseudonana,centric,3.484,2.084,5.941,93.9,,girdle view (side-on),intact,,,,0.953,22.056,2.75,1.672,0.789,0.989,False,size + shape + sample,not measured: smallest expected pores (12 nm) are only 0.4 px at this magnification
2022-12-02_ThapsSamples_ASL\Thaps_A2_3kx_10kV_ASL_q00.tif,27,Thalassiosira pseudonana,centric,3.348,2.514,5.81,9.9,,girdle view (side-on),intact,,,,33.667,1.149,2.72,1.332,0.717,0.944,False,size + shape + sample,not measured: smallest expected pores (12 nm) are only 0.4 px at this magnification
2022-12-02_ThapsSamples_ASL\Thaps_A2_3kx_10kV_ASL_q00.tif,28,Thalassiosira pseudonana,centric,2.994,2.326,5.024,61.5,,valve view (face-on),cracked,,,,34.672,9.757,2.529,1.287,0.639,0.91,False,size + shape + sample,not measured: smallest expected pores (12 nm) are only 0.4 px at this magnification
2022-12-02_ThapsSamples_ASL\Thaps_A2_3kx_10kV_ASL_q00.tif,29,Thalassiosira pseudonana,centric,3.028,2.253,4.766,149.2,,girdle view (side-on),cracked,,,,29.981,1.469,2.463,1.344,0.632,0.866,False,size + shape + sample,not measured: smallest expected pores (12 nm) are only 0.4 px at this magnification
2022-12-02_ThapsSamples_ASL\Thaps_A2_3kx_10kV_ASL_q00.tif,30,Thalassiosira pseudonana,centric,2.74,2.249,4.642,77.2,,valve view (face-on),intact,,,,26.627,4.103,2.431,1.219,0.871,0.972,False,size + shape + sample,not measured: smallest expected pores (12 nm) are only 0.4 px at this magnification
2022-12-02_ThapsSamples_ASL\Thaps_A2_3kx_10kV_ASL_q00.tif,31,Thalassiosira pseudonana,centric,2.576,2.069,3.924,125.6,,valve view (face-on),intact,,,,21.744,4.631,2.235,1.245,0.779,0.946,False,size + shape + sample,not measured: smallest expected pores (12 nm) are only 0.4 px at this magnification
2022-12-02_ThapsSamples_ASL\Thaps_A2_3kx_10kV_ASL_q00.tif,32,Thalassiosira pseudonana,centric,2.354,1.935,3.462,127.6,,valve view (face-on),intact,,,,17.401,1.093,2.099,1.217,0.812,0.949,False,size + shape + sample,not measured: smallest expected pores (12 nm) are only 0.4 px at this magnification
2022-12-02_ThapsSamples_ASL\Thaps_A2_3kx_10kV_ASL_q00.tif,33,unknown,pennate,3.991,1.361,3.074,144.8,35.2,valve view,fragmented,,,,25.621,8.518,1.978,2.933,0.374,0.716,False,no literature size matches,not measured: smallest expected pores (12 nm) are only 0.4 px at this magnification
2022-12-02_ThapsSamples_ASL\Thaps_A2_3kx_10kV_ASL_q00.tif,34,Thalassiosira pseudonana,centric,2.47,1.87,3.039,127.8,,girdle view (side-on),cracked,,,,23.106,10.516,1.967,1.321,0.709,0.905,False,size + shape + sample,not measured: smallest expected pores (12 nm) are only 0.4 px at this magnification
2022-12-02_ThapsSamples_ASL\Thaps_A2_3kx_10kV_ASL_q00.tif,35,Thalassiosira pseudonana,centric,3.243,1.422,2.871,170.6,189.4,girdle view (side-on),cracked,,,,12.499,13.36,1.912,2.28,0.567,0.895,False,size + shape + sample,not measured: smallest expected pores (12 nm) are only 0.4 px at this magnification
2022-12-02_ThapsSamples_ASL\Thaps_A2_3kx_10kV_ASL_q00.tif,36,Thalassiosira pseudonana,centric,2.321,1.571,2.714,122.4,,girdle view (side-on),intact,,,,36.408,15.579,1.859,1.478,0.798,0.944,False,size + shape + sample,not measured: smallest expected pores (12 nm) are only 0.4 px at this magnification
2022-12-02_ThapsSamples_ASL\Thaps_A2_3kx_10kV_ASL_q00.tif,37,Thalassiosira pseudonana,centric,2.04,1.72,2.505,84.5,,valve view (face-on),intact,,,,39.483,25.922,1.786,1.186,0.799,0.943,False,size + shape + sample,not measured: smallest expected pores (12 nm) are only 0.4 px at this magnification
2022-12-02_ThapsSamples_ASL\Thaps_A2_3kx_10kV_ASL_q00.tif,38,unknown,pennate,2.806,1.025,2.332,91.5,268.5,valve view,partial (cut by image edge),,,,41.863,12.152,1.723,2.737,0.626,0.976,True,no literature size matches,not measured: smallest expected pores (12 nm) are only 0.4 px at this magnification
2022-12-02_ThapsSamples_ASL\Thaps_A2_3kx_10kV_ASL_q00.tif,39,Thalassiosira pseudonana,centric,2.541,1.158,2.275,2.1,177.9,girdle view (side-on),partial (cut by image edge),,,,25.506,26.471,1.702,2.196,0.654,0.956,True,size + shape + sample,not measured: smallest expected pores (12 nm) are only 0.4 px at this magnification
2022-12-02_ThapsSamples_ASL\Thaps_A2_3kx_10kV_ASL_q00.tif,40,Thalassiosira pseudonana,centric,2.1,1.526,2.265,30.7,,girdle view (side-on),cracked,,,,22.55,3.25,1.698,1.376,0.675,0.9,False,size + shape + sample,not measured: smallest expected pores (12 nm) are only 0.4 px at this magnification
2022-12-02_ThapsSamples_ASL\Thaps_A2_3kx_10kV_ASL_q00.tif,41,Thalassiosira pseudonana,centric,2.929,1.353,2.094,18.5,341.5,girdle view (side-on),partial (cut by image edge),,,,41.386,0.556,1.633,2.165,0.498,0.885,True,size + shape + sample,not measured: smallest expected pores (12 nm) are only 0.4 px at this magnification
2022-12-02_ThapsSamples_ASL\Thaps_A2_3kx_10kV_ASL_q00.tif,42,Thalassiosira pseudonana,centric,2.465,1.025,2.019,2.8,177.2,girdle view (side-on),partial (cut by image edge),,,,30.103,26.524,1.603,2.404,0.658,0.977,True,size + shape + sample,not measured: smallest expected pores (12 nm) are only 0.4 px at this magnification
2022-12-02_ThapsSamples_ASL\Thaps_A2_3kx_10kV_ASL_q00.tif,43,Thalassiosira pseudonana,centric,1.787,1.124,1.425,160.6,,girdle view (side-on),partial (cut by image edge),,,,20.792,26.442,1.347,1.589,0.731,0.965,True,smaller than whole shell -> likely fragment,not measured: smallest expected pores (12 nm) are only 0.4 px at this magnification
2022-12-02_ThapsSamples_ASL\Thaps_A2_3kx_10kV_ASL_q00.tif,44,Thalassiosira pseudonana,centric,1.807,1.091,1.391,110.4,,girdle view (side-on),intact,,,,26.473,8.894,1.331,1.656,0.774,0.949,False,smaller than whole shell -> likely fragment,not measured: smallest expected pores (12 nm) are only 0.4 px at this magnification
2022-12-02_ThapsSamples_ASL\Thaps_A2_3kx_10kV_ASL_q00.tif,45,Thalassiosira pseudonana,centric,1.827,0.985,1.381,45.1,134.9,girdle view (side-on),intact,,,,33.695,11.147,1.326,1.854,0.749,0.944,False,smaller than whole shell -> likely fragment,not measured: smallest expected pores (12 nm) are only 0.4 px at this magnification
2022-12-02_ThapsSamples_ASL\Thaps_A2_3kx_10kV_ASL_q00.tif,46,Thalassiosira pseudonana,centric,1.497,1.219,1.333,129.8,,valve view (face-on),fragmented,,,,11.054,16.526,1.303,1.228,0.855,0.965,False,smaller than whole shell -> likely fragment,not measured: smallest expected pores (12 nm) are only 0.4 px at this magnification
2022-12-02_ThapsSamples_ASL\Thaps_A2_3kx_10kV_ASL_q00.tif,47,unknown,pennate,2.327,0.529,1.057,179.7,180.3,valve view,partial (cut by image edge),,,,19.834,0.226,1.16,4.397,0.488,0.969,True,no literature size matches,not measured: smallest expected pores (12 nm) are only 0.4 px at this magnification
2022-12-02_ThapsSamples_ASL\Thaps_A2_3kx_10kV_ASL_q00.tif,48,Thalassiosira pseudonana,centric,1.465,0.794,1.007,84.6,275.4,girdle view (side-on),fragmented,,,,16.386,14.999,1.133,1.846,0.837,0.991,False,smaller than whole shell -> likely fragment,not measured: smallest expected pores (12 nm) are only 0.4 px at this magnification
2022-12-02_ThapsSamples_ASL\Thaps_A2_3kx_10kV_ASL_q00.tif,49,Thalassiosira pseudonana,centric,1.385,0.914,0.916,68.3,,girdle view (side-on),fragmented,,,,10.66,6.694,1.08,1.515,0.807,0.953,False,smaller than whole shell -> likely fragment,not measured: smallest expected pores (12 nm) are only 0.4 px at this magnification
2022-12-02_ThapsSamples_ASL\Thaps_A2_3kx_10kV_ASL_q00.tif,50,Thalassiosira pseudonana,centric,1.659,0.529,0.753,0.3,179.7,girdle view (side-on),partial (cut by image edge),,,,9.438,26.722,0.979,3.135,0.612,0.97,True,smaller than whole shell -> likely fragment,not measured: smallest expected pores (12 nm) are only 0.4 px at this magnification
2022-12-02_ThapsSamples_ASL\Thaps_A2_3kx_10kV_ASL_q00.tif,51,Thalassiosira pseudonana,centric,1.317,0.628,0.751,2.9,177.1,girdle view (side-on),partial (cut by image edge),,,,31.873,26.647,0.978,2.096,0.725,0.961,True,smaller than whole shell -> likely fragment,not measured: smallest expected pores (12 nm) are only 0.4 px at this magnification
2022-12-02_ThapsSamples_ASL\Thaps_A2_3kx_10kV_ASL_q00.tif,52,Thalassiosira pseudonana,centric,1.324,0.595,0.657,174.3,5.7,girdle view (side-on),partial (cut by image edge),,,,6.133,26.7,0.915,2.224,0.742,0.979,True,smaller than whole shell -> likely fragment,not measured: smallest expected pores (12 nm) are only 0.4 px at this magnification
2022-12-02_ThapsSamples_ASL\Thaps_A2_3kx_10kV_ASL_q00.tif,53,Thalassiosira pseudonana,centric,0.912,0.628,0.415,135.0,,girdle view (side-on),fragmented,,,,12.901,15.877,0.727,1.452,0.906,1.0,False,smaller than whole shell -> likely fragment,not measured: smallest expected pores (12 nm) are only 0.4 px at this magnification
